{"XETHZGBP": {"bought_at": 2331.35, "take_profit": 2377.977, "stop_loss": 2308.0364999999997, "vol": 0.02342424}}