{"XETHZGBP": {"bought_at": 2320.11001, "take_profit": 2459.3166106, "stop_loss": 2250.5067097, "vol": 0.81606774}}